Time,header.seq,header.stamp.secs,header.stamp.nsecs,header.frame_id,latitude,longitude,altitude,utm_easting,utm_northing,zone,letter,hdop,gpgga_read
1727908953.1693025,1,1727990706,0,GPS1_Frame,42.328570000000006,71.10468333333333,69.1,326590.9894605281,4688403.233393498,19,T,1.0,"$GPGGA,224233.000,4219.7142,N,07106.2810,W,1,09,1.0,69.1,M,-33.8,M,,0000*5E
"
1727908954.16982,2,1727990708,0,GPS1_Frame,42.32857333333333,71.10468,69.0,326591.2732719885,4688403.596737841,19,T,1.0,"$GPGGA,224234.000,4219.7144,N,07106.2808,W,1,09,1.0,69.0,M,-33.8,M,,0000*57
"
1727908955.1671443,3,1727990710,0,GPS1_Frame,42.32857333333333,71.10467833333334,68.9,326591.41059778596,4688403.5933394525,19,T,1.1,"$GPGGA,224235.000,4219.7144,N,07106.2807,W,1,08,1.1,68.9,M,-33.8,M,,0000*51
"
1727908956.1709127,4,1727990712,0,GPS1_Frame,42.32857333333333,71.10467833333334,68.8,326591.41059778596,4688403.5933394525,19,T,1.1,"$GPGGA,224236.000,4219.7144,N,07106.2807,W,1,08,1.1,68.8,M,-33.8,M,,0000*53
"
1727908957.170802,5,1727990714,0,GPS1_Frame,42.32857333333333,71.10467833333334,68.8,326591.41059778596,4688403.5933394525,19,T,1.0,"$GPGGA,224237.000,4219.7144,N,07106.2807,W,1,09,1.0,68.8,M,-33.8,M,,0000*52
"
1727908958.165965,6,1727990716,0,GPS1_Frame,42.32857333333333,71.10467833333334,68.8,326591.41059778596,4688403.5933394525,19,T,1.1,"$GPGGA,224238.000,4219.7144,N,07106.2807,W,1,08,1.1,68.8,M,-33.8,M,,0000*5D
"
1727908959.1690562,7,1727990718,0,GPS1_Frame,42.32857333333333,71.10467833333334,68.8,326591.41059778596,4688403.5933394525,19,T,1.0,"$GPGGA,224239.000,4219.7144,N,07106.2807,W,1,09,1.0,68.8,M,-33.8,M,,0000*5C
"
1727908960.167805,8,1727990720,0,GPS1_Frame,42.32857333333333,71.10467833333334,68.8,326591.41059778596,4688403.5933394525,19,T,1.0,"$GPGGA,224240.000,4219.7144,N,07106.2807,W,1,09,1.0,68.8,M,-33.8,M,,0000*52
"
1727908961.1645436,9,1727990722,0,GPS1_Frame,42.32857333333333,71.10467833333334,68.8,326591.41059778596,4688403.5933394525,19,T,1.1,"$GPGGA,224241.000,4219.7144,N,07106.2807,W,1,08,1.1,68.8,M,-33.8,M,,0000*53
"
1727908962.1897688,10,1727990724,0,GPS1_Frame,42.32857333333333,71.10467833333334,68.8,326591.41059778596,4688403.5933394525,19,T,1.1,"$GPGGA,224242.000,4219.7144,N,07106.2807,W,1,08,1.1,68.8,M,-33.8,M,,0000*50
"
1727908963.1648304,11,1727990726,0,GPS1_Frame,42.32857333333333,71.10467833333334,68.8,326591.41059778596,4688403.5933394525,19,T,1.1,"$GPGGA,224243.000,4219.7144,N,07106.2807,W,1,08,1.1,68.8,M,-33.8,M,,0000*51
"
1727908964.1663291,12,1727990728,0,GPS1_Frame,42.32857333333333,71.10467833333334,68.8,326591.41059778596,4688403.5933394525,19,T,1.0,"$GPGGA,224244.000,4219.7144,N,07106.2807,W,1,09,1.0,68.8,M,-33.8,M,,0000*56
"
1727908965.1637447,13,1727990730,0,GPS1_Frame,42.32857333333333,71.10467833333334,68.8,326591.41059778596,4688403.5933394525,19,T,1.0,"$GPGGA,224245.000,4219.7144,N,07106.2807,W,1,09,1.0,68.8,M,-33.8,M,,0000*57
"
1727908966.1676533,14,1727990732,0,GPS1_Frame,42.32857333333333,71.10467833333334,68.8,326591.41059778596,4688403.5933394525,19,T,1.0,"$GPGGA,224246.000,4219.7144,N,07106.2807,W,1,09,1.0,68.8,M,-33.8,M,,0000*54
"
1727908967.1634417,15,1727990734,0,GPS1_Frame,42.32857333333333,71.10467833333334,68.8,326591.41059778596,4688403.5933394525,19,T,1.0,"$GPGGA,224247.000,4219.7144,N,07106.2807,W,1,09,1.0,68.8,M,-33.8,M,,0000*55
"
1727908968.163212,16,1727990736,0,GPS1_Frame,42.32857333333333,71.10467833333334,68.8,326591.41059778596,4688403.5933394525,19,T,1.0,"$GPGGA,224248.000,4219.7144,N,07106.2807,W,1,09,1.0,68.8,M,-33.8,M,,0000*5A
"
1727908969.162835,17,1727990738,0,GPS1_Frame,42.32857333333333,71.10467833333334,68.8,326591.41059778596,4688403.5933394525,19,T,1.0,"$GPGGA,224249.000,4219.7144,N,07106.2807,W,1,09,1.0,68.8,M,-33.8,M,,0000*5B
"
1727908970.2023046,18,1727990740,0,GPS1_Frame,42.32857333333333,71.10467833333334,68.8,326591.41059778596,4688403.5933394525,19,T,1.1,"$GPGGA,224250.000,4219.7144,N,07106.2807,W,1,08,1.1,68.8,M,-33.8,M,,0000*53
"
1727908971.1662695,19,1727990742,0,GPS1_Frame,42.32857333333333,71.10467833333334,68.8,326591.41059778596,4688403.5933394525,19,T,1.1,"$GPGGA,224251.000,4219.7144,N,07106.2807,W,1,08,1.1,68.8,M,-33.8,M,,0000*52
"
1727908972.161231,20,1727990744,0,GPS1_Frame,42.32857333333333,71.10467833333334,68.8,326591.41059778596,4688403.5933394525,19,T,1.1,"$GPGGA,224252.000,4219.7144,N,07106.2807,W,1,08,1.1,68.8,M,-33.8,M,,0000*51
"
1727908973.1842644,21,1727990746,0,GPS1_Frame,42.32857333333333,71.10467833333334,68.8,326591.41059778596,4688403.5933394525,19,T,1.1,"$GPGGA,224253.000,4219.7144,N,07106.2807,W,1,08,1.1,68.8,M,-33.8,M,,0000*50
"
1727908974.1587424,22,1727990748,0,GPS1_Frame,42.32857333333333,71.10467833333334,68.8,326591.41059778596,4688403.5933394525,19,T,1.1,"$GPGGA,224254.000,4219.7144,N,07106.2807,W,1,08,1.1,68.8,M,-33.8,M,,0000*57
"
1727908975.185917,23,1727990750,0,GPS1_Frame,42.32857333333333,71.10467833333334,68.8,326591.41059778596,4688403.5933394525,19,T,1.1,"$GPGGA,224255.000,4219.7144,N,07106.2807,W,1,08,1.1,68.8,M,-33.8,M,,0000*56
"
1727908976.1561737,24,1727990752,0,GPS1_Frame,42.32857333333333,71.10467833333334,68.8,326591.41059778596,4688403.5933394525,19,T,1.1,"$GPGGA,224256.000,4219.7144,N,07106.2807,W,1,08,1.1,68.8,M,-33.8,M,,0000*55
"
1727908977.1589231,25,1727990754,0,GPS1_Frame,42.32857333333333,71.10467833333334,68.8,326591.41059778596,4688403.5933394525,19,T,1.1,"$GPGGA,224257.000,4219.7144,N,07106.2807,W,1,08,1.1,68.8,M,-33.8,M,,0000*54
"
1727908978.1540878,26,1727990756,0,GPS1_Frame,42.32857333333333,71.10467833333334,68.8,326591.41059778596,4688403.5933394525,19,T,1.3,"$GPGGA,224258.000,4219.7144,N,07106.2807,W,1,07,1.3,68.8,M,-33.8,M,,0000*56
"
1727908979.1514382,27,1727990758,0,GPS1_Frame,42.32857333333333,71.10467833333334,68.8,326591.41059778596,4688403.5933394525,19,T,1.3,"$GPGGA,224259.000,4219.7144,N,07106.2807,W,1,07,1.3,68.8,M,-33.8,M,,0000*57
"
1727908980.1556137,28,1727990760,0,GPS1_Frame,42.32857333333333,71.10467833333334,68.8,326591.41059778596,4688403.5933394525,19,T,1.3,"$GPGGA,224300.000,4219.7144,N,07106.2807,W,1,07,1.3,68.8,M,-33.8,M,,0000*5A
"
1727908981.1553333,29,1727990762,0,GPS1_Frame,42.32857333333333,71.10467833333334,68.8,326591.41059778596,4688403.5933394525,19,T,1.1,"$GPGGA,224301.000,4219.7144,N,07106.2807,W,1,08,1.1,68.8,M,-33.8,M,,0000*56
"
1727908982.155548,30,1727990764,0,GPS1_Frame,42.32857333333333,71.10467833333334,68.8,326591.41059778596,4688403.5933394525,19,T,1.1,"$GPGGA,224302.000,4219.7144,N,07106.2807,W,1,08,1.1,68.8,M,-33.8,M,,0000*55
"
1727908983.1565082,31,1727990766,0,GPS1_Frame,42.32857333333333,71.10467833333334,68.8,326591.41059778596,4688403.5933394525,19,T,1.1,"$GPGGA,224303.000,4219.7144,N,07106.2807,W,1,08,1.1,68.8,M,-33.8,M,,0000*54
"
1727908984.179041,32,1727990768,0,GPS1_Frame,42.32857333333333,71.10467833333334,68.8,326591.41059778596,4688403.5933394525,19,T,1.1,"$GPGGA,224304.000,4219.7144,N,07106.2807,W,1,08,1.1,68.8,M,-33.8,M,,0000*53
"
1727908985.1563768,33,1727990770,0,GPS1_Frame,42.32857333333333,71.10467833333334,68.8,326591.41059778596,4688403.5933394525,19,T,1.1,"$GPGGA,224305.000,4219.7144,N,07106.2807,W,1,08,1.1,68.8,M,-33.8,M,,0000*52
"
1727908986.159031,34,1727990772,0,GPS1_Frame,42.32857333333333,71.10467833333334,68.8,326591.41059778596,4688403.5933394525,19,T,1.0,"$GPGGA,224306.000,4219.7144,N,07106.2807,W,1,09,1.0,68.8,M,-33.8,M,,0000*51
"
1727908987.1614342,35,1727990774,0,GPS1_Frame,42.32857333333333,71.10467833333334,68.9,326591.41059778596,4688403.5933394525,19,T,1.0,"$GPGGA,224307.000,4219.7144,N,07106.2807,W,1,09,1.0,68.9,M,-33.8,M,,0000*51
"
1727908988.1533706,36,1727990776,0,GPS1_Frame,42.32857333333333,71.10467833333334,68.9,326591.41059778596,4688403.5933394525,19,T,1.1,"$GPGGA,224308.000,4219.7144,N,07106.2807,W,1,08,1.1,68.9,M,-33.8,M,,0000*5E
"
1727908989.1521606,37,1727990778,0,GPS1_Frame,42.32857333333333,71.10467833333334,68.9,326591.41059778596,4688403.5933394525,19,T,1.2,"$GPGGA,224309.000,4219.7144,N,07106.2807,W,1,07,1.2,68.9,M,-33.8,M,,0000*53
"
1727908990.158013,38,1727990780,0,GPS1_Frame,42.32857333333333,71.10467833333334,68.9,326591.41059778596,4688403.5933394525,19,T,1.0,"$GPGGA,224310.000,4219.7144,N,07106.2807,W,1,09,1.0,68.9,M,-33.8,M,,0000*57
"
1727908991.154294,39,1727990782,0,GPS1_Frame,42.32857333333333,71.10467833333334,68.9,326591.41059778596,4688403.5933394525,19,T,1.0,"$GPGGA,224311.000,4219.7144,N,07106.2807,W,1,09,1.0,68.9,M,-33.8,M,,0000*56
"
1727908992.178261,40,1727990784,0,GPS1_Frame,42.32857333333333,71.10467833333334,68.9,326591.41059778596,4688403.5933394525,19,T,1.0,"$GPGGA,224312.000,4219.7144,N,07106.2807,W,1,09,1.0,68.9,M,-33.8,M,,0000*55
"
1727908993.1523674,41,1727990786,0,GPS1_Frame,42.32857333333333,71.10467833333334,68.9,326591.41059778596,4688403.5933394525,19,T,1.0,"$GPGGA,224313.000,4219.7144,N,07106.2807,W,1,09,1.0,68.9,M,-33.8,M,,0000*54
"
1727908994.1838236,42,1727990788,0,GPS1_Frame,42.32857333333333,71.10467833333334,68.9,326591.41059778596,4688403.5933394525,19,T,1.0,"$GPGGA,224314.000,4219.7144,N,07106.2807,W,1,09,1.0,68.9,M,-33.8,M,,0000*53
"
1727908995.1513553,43,1727990790,0,GPS1_Frame,42.32857333333333,71.10467833333334,68.9,326591.41059778596,4688403.5933394525,19,T,1.0,"$GPGGA,224315.000,4219.7144,N,07106.2807,W,1,09,1.0,68.9,M,-33.8,M,,0000*52
"
1727908996.1848013,44,1727990792,0,GPS1_Frame,42.32857333333333,71.10467833333334,68.9,326591.41059778596,4688403.5933394525,19,T,1.0,"$GPGGA,224316.000,4219.7144,N,07106.2807,W,1,09,1.0,68.9,M,-33.8,M,,0000*51
"
1727908997.1885877,45,1727990794,0,GPS1_Frame,42.32857333333333,71.10467833333334,68.9,326591.41059778596,4688403.5933394525,19,T,1.0,"$GPGGA,224317.000,4219.7144,N,07106.2807,W,1,09,1.0,68.9,M,-33.8,M,,0000*50
"
1727908998.170927,46,1727990796,0,GPS1_Frame,42.32857333333333,71.10467833333334,68.9,326591.41059778596,4688403.5933394525,19,T,1.0,"$GPGGA,224318.000,4219.7144,N,07106.2807,W,1,09,1.0,68.9,M,-33.8,M,,0000*5F
"
1727908999.1729066,47,1727990798,0,GPS1_Frame,42.32857333333333,71.10467833333334,68.9,326591.41059778596,4688403.5933394525,19,T,1.1,"$GPGGA,224319.000,4219.7144,N,07106.2807,W,1,08,1.1,68.9,M,-33.8,M,,0000*5E
"
1727909000.1718273,48,1727990800,0,GPS1_Frame,42.32857333333333,71.10467833333334,68.9,326591.41059778596,4688403.5933394525,19,T,1.0,"$GPGGA,224320.000,4219.7144,N,07106.2807,W,1,09,1.0,68.9,M,-33.8,M,,0000*54
"
1727909001.1749835,49,1727990802,0,GPS1_Frame,42.32857333333333,71.10467833333334,68.9,326591.41059778596,4688403.5933394525,19,T,1.0,"$GPGGA,224321.000,4219.7144,N,07106.2807,W,1,09,1.0,68.9,M,-33.8,M,,0000*55
"
1727909002.1771014,50,1727990804,0,GPS1_Frame,42.32857333333333,71.10467833333334,68.9,326591.41059778596,4688403.5933394525,19,T,1.0,"$GPGGA,224322.000,4219.7144,N,07106.2807,W,1,09,1.0,68.9,M,-33.8,M,,0000*56
"
1727909003.175644,51,1727990806,0,GPS1_Frame,42.32857333333333,71.10467833333334,68.9,326591.41059778596,4688403.5933394525,19,T,1.4,"$GPGGA,224323.000,4219.7144,N,07106.2807,W,1,07,1.4,68.9,M,-33.8,M,,0000*5D
"
1727909004.1774805,52,1727990808,0,GPS1_Frame,42.32857333333333,71.10467833333334,68.9,326591.41059778596,4688403.5933394525,19,T,1.4,"$GPGGA,224324.000,4219.7144,N,07106.2807,W,1,07,1.4,68.9,M,-33.8,M,,0000*5A
"
1727909005.1807432,53,1727990810,0,GPS1_Frame,42.32857333333333,71.10467833333334,68.9,326591.41059778596,4688403.5933394525,19,T,1.4,"$GPGGA,224325.000,4219.7144,N,07106.2807,W,1,07,1.4,68.9,M,-33.8,M,,0000*5B
"
1727909006.1844065,54,1727990812,0,GPS1_Frame,42.32857333333333,71.10467833333334,68.9,326591.41059778596,4688403.5933394525,19,T,1.3,"$GPGGA,224326.000,4219.7144,N,07106.2807,W,1,08,1.3,68.9,M,-33.8,M,,0000*50
"
1727909007.188509,55,1727990814,0,GPS1_Frame,42.32857333333333,71.10467833333334,68.9,326591.41059778596,4688403.5933394525,19,T,1.3,"$GPGGA,224327.000,4219.7144,N,07106.2807,W,1,08,1.3,68.9,M,-33.8,M,,0000*51
"
1727909008.1912572,56,1727990816,0,GPS1_Frame,42.32857333333333,71.10467833333334,68.9,326591.41059778596,4688403.5933394525,19,T,1.3,"$GPGGA,224328.000,4219.7144,N,07106.2807,W,1,08,1.3,68.9,M,-33.8,M,,0000*5E
"
1727909009.1918638,57,1727990818,0,GPS1_Frame,42.32857333333333,71.10467833333334,68.9,326591.41059778596,4688403.5933394525,19,T,1.3,"$GPGGA,224329.000,4219.7144,N,07106.2807,W,1,08,1.3,68.9,M,-33.8,M,,0000*5F
"
1727909010.195687,58,1727990820,0,GPS1_Frame,42.32857333333333,71.10467833333334,68.9,326591.41059778596,4688403.5933394525,19,T,1.0,"$GPGGA,224330.000,4219.7144,N,07106.2807,W,1,09,1.0,68.9,M,-33.8,M,,0000*55
"
1727909011.1970057,59,1727990822,0,GPS1_Frame,42.32857333333333,71.10467833333334,68.9,326591.41059778596,4688403.5933394525,19,T,1.0,"$GPGGA,224331.000,4219.7144,N,07106.2807,W,1,09,1.0,68.9,M,-33.8,M,,0000*54
"
1727909012.1945057,60,1727990824,0,GPS1_Frame,42.32857333333333,71.10467833333334,68.9,326591.41059778596,4688403.5933394525,19,T,1.1,"$GPGGA,224332.000,4219.7144,N,07106.2807,W,1,08,1.1,68.9,M,-33.8,M,,0000*57
"
1727909013.225304,61,1727990826,0,GPS1_Frame,42.32857333333333,71.10467833333334,68.9,326591.41059778596,4688403.5933394525,19,T,1.0,"$GPGGA,224333.000,4219.7144,N,07106.2807,W,1,09,1.0,68.9,M,-33.8,M,,0000*56
"
1727909014.201701,62,1727990828,0,GPS1_Frame,42.32857333333333,71.10467833333334,68.9,326591.41059778596,4688403.5933394525,19,T,1.0,"$GPGGA,224334.000,4219.7144,N,07106.2807,W,1,09,1.0,68.9,M,-33.8,M,,0000*51
"
1727909015.2015529,63,1727990830,0,GPS1_Frame,42.32857333333333,71.10467833333334,68.9,326591.41059778596,4688403.5933394525,19,T,1.0,"$GPGGA,224335.000,4219.7144,N,07106.2807,W,1,09,1.0,68.9,M,-33.8,M,,0000*50
"
1727909016.2039433,64,1727990832,0,GPS1_Frame,42.32857333333333,71.10467833333334,68.9,326591.41059778596,4688403.5933394525,19,T,1.0,"$GPGGA,224336.000,4219.7144,N,07106.2807,W,1,09,1.0,68.9,M,-33.8,M,,0000*53
"
1727909017.2034013,65,1727990834,0,GPS1_Frame,42.32857333333333,71.10467833333334,68.9,326591.41059778596,4688403.5933394525,19,T,1.1,"$GPGGA,224337.000,4219.7144,N,07106.2807,W,1,08,1.1,68.9,M,-33.8,M,,0000*52
"
1727909018.1993725,66,1727990836,0,GPS1_Frame,42.32857333333333,71.10467833333334,68.9,326591.41059778596,4688403.5933394525,19,T,1.9,"$GPGGA,224338.000,4219.7144,N,07106.2807,W,1,06,1.9,68.9,M,-33.8,M,,0000*5B
"
1727909019.2022572,67,1727990838,0,GPS1_Frame,42.32857333333333,71.10467833333334,68.9,326591.41059778596,4688403.5933394525,19,T,1.2,"$GPGGA,224339.000,4219.7144,N,07106.2807,W,1,07,1.2,68.9,M,-33.8,M,,0000*50
"
1727909020.2037258,68,1727990840,0,GPS1_Frame,42.32857333333333,71.10467833333334,68.9,326591.41059778596,4688403.5933394525,19,T,1.2,"$GPGGA,224340.000,4219.7144,N,07106.2807,W,1,07,1.2,68.9,M,-33.8,M,,0000*5E
"
1727909021.2073667,69,1727990842,0,GPS1_Frame,42.32857333333333,71.10467833333334,68.9,326591.41059778596,4688403.5933394525,19,T,1.1,"$GPGGA,224341.000,4219.7144,N,07106.2807,W,1,08,1.1,68.9,M,-33.8,M,,0000*53
"
1727909022.2060986,70,1727990844,0,GPS1_Frame,42.32857333333333,71.10467833333334,68.9,326591.41059778596,4688403.5933394525,19,T,1.2,"$GPGGA,224342.000,4219.7144,N,07106.2807,W,1,07,1.2,68.9,M,-33.8,M,,0000*5C
"
1727909023.2096493,71,1727990846,0,GPS1_Frame,42.32857333333333,71.10467833333334,68.9,326591.41059778596,4688403.5933394525,19,T,1.1,"$GPGGA,224343.000,4219.7144,N,07106.2807,W,1,08,1.1,68.9,M,-33.8,M,,0000*51
"
1727909024.240608,72,1727990848,0,GPS1_Frame,42.32857333333333,71.10467833333334,68.9,326591.41059778596,4688403.5933394525,19,T,1.0,"$GPGGA,224344.000,4219.7144,N,07106.2807,W,1,09,1.0,68.9,M,-33.8,M,,0000*56
"
1727909025.238977,73,1727990850,0,GPS1_Frame,42.32857333333333,71.10467833333334,68.9,326591.41059778596,4688403.5933394525,19,T,1.0,"$GPGGA,224345.000,4219.7144,N,07106.2807,W,1,09,1.0,68.9,M,-33.8,M,,0000*57
"
1727909026.2160497,74,1727990852,0,GPS1_Frame,42.32857333333333,71.10467833333334,68.9,326591.41059778596,4688403.5933394525,19,T,1.0,"$GPGGA,224346.000,4219.7144,N,07106.2807,W,1,09,1.0,68.9,M,-33.8,M,,0000*54
"
1727909027.2157888,75,1727990854,0,GPS1_Frame,42.32857333333333,71.10467833333334,68.9,326591.41059778596,4688403.5933394525,19,T,1.0,"$GPGGA,224347.000,4219.7144,N,07106.2807,W,1,09,1.0,68.9,M,-33.8,M,,0000*55
"
1727909028.2172244,76,1727990856,0,GPS1_Frame,42.32857333333333,71.10467833333334,68.9,326591.41059778596,4688403.5933394525,19,T,1.0,"$GPGGA,224348.000,4219.7144,N,07106.2807,W,1,09,1.0,68.9,M,-33.8,M,,0000*5A
"
1727909029.221396,77,1727990858,0,GPS1_Frame,42.32857333333333,71.10467833333334,68.9,326591.41059778596,4688403.5933394525,19,T,1.0,"$GPGGA,224349.000,4219.7144,N,07106.2807,W,1,09,1.0,68.9,M,-33.8,M,,0000*5B
"
1727909030.2163622,78,1727990860,0,GPS1_Frame,42.32857333333333,71.10467833333334,68.9,326591.41059778596,4688403.5933394525,19,T,1.0,"$GPGGA,224350.000,4219.7144,N,07106.2807,W,1,09,1.0,68.9,M,-33.8,M,,0000*53
"
1727909031.21077,79,1727990862,0,GPS1_Frame,42.32857333333333,71.10467833333334,68.9,326591.41059778596,4688403.5933394525,19,T,1.0,"$GPGGA,224351.000,4219.7144,N,07106.2807,W,1,09,1.0,68.9,M,-33.8,M,,0000*52
"
1727909032.2158778,80,1727990864,0,GPS1_Frame,42.32857166666666,71.10467833333334,68.9,326591.4060178641,4688403.408268888,19,T,1.0,"$GPGGA,224352.000,4219.7143,N,07106.2807,W,1,09,1.0,68.9,M,-33.8,M,,0000*56
"
1727909033.2163801,81,1727990866,0,GPS1_Frame,42.32857166666666,71.10467833333334,68.9,326591.4060178641,4688403.408268888,19,T,1.0,"$GPGGA,224353.000,4219.7143,N,07106.2807,W,1,09,1.0,68.9,M,-33.8,M,,0000*57
"
1727909034.2414455,82,1727990868,0,GPS1_Frame,42.32857166666666,71.10467833333334,68.9,326591.4060178641,4688403.408268888,19,T,1.0,"$GPGGA,224354.000,4219.7143,N,07106.2807,W,1,09,1.0,68.9,M,-33.8,M,,0000*50
"
1727909035.2130938,83,1727990870,0,GPS1_Frame,42.32857166666666,71.10467833333334,68.9,326591.4060178641,4688403.408268888,19,T,1.3,"$GPGGA,224355.000,4219.7143,N,07106.2807,W,1,08,1.3,68.9,M,-33.8,M,,0000*53
"
1727909036.218967,84,1727990872,0,GPS1_Frame,42.32857166666666,71.10467833333334,68.9,326591.4060178641,4688403.408268888,19,T,1.0,"$GPGGA,224356.000,4219.7143,N,07106.2807,W,1,09,1.0,68.9,M,-33.8,M,,0000*52
"
1727909037.2162905,85,1727990874,0,GPS1_Frame,42.32857166666666,71.10467833333334,68.9,326591.4060178641,4688403.408268888,19,T,1.0,"$GPGGA,224357.000,4219.7143,N,07106.2807,W,1,09,1.0,68.9,M,-33.8,M,,0000*53
"
1727909038.2226927,86,1727990876,0,GPS1_Frame,42.32857166666666,71.10467833333334,68.9,326591.4060178641,4688403.408268888,19,T,1.0,"$GPGGA,224358.000,4219.7143,N,07106.2807,W,1,09,1.0,68.9,M,-33.8,M,,0000*5C
"
1727909039.2207747,87,1727990878,0,GPS1_Frame,42.32857166666666,71.10467833333334,68.9,326591.4060178641,4688403.408268888,19,T,1.0,"$GPGGA,224359.000,4219.7143,N,07106.2807,W,1,09,1.0,68.9,M,-33.8,M,,0000*5D
"
1727909040.2183454,88,1727990880,0,GPS1_Frame,42.32857166666666,71.10467833333334,68.9,326591.4060178641,4688403.408268888,19,T,1.0,"$GPGGA,224400.000,4219.7143,N,07106.2807,W,1,09,1.0,68.9,M,-33.8,M,,0000*56
"
1727909041.2204757,89,1727990882,0,GPS1_Frame,42.32857166666666,71.10467833333334,68.9,326591.4060178641,4688403.408268888,19,T,1.0,"$GPGGA,224401.000,4219.7143,N,07106.2807,W,1,09,1.0,68.9,M,-33.8,M,,0000*57
"
1727909042.243888,90,1727990884,0,GPS1_Frame,42.32857166666666,71.10467833333334,68.9,326591.4060178641,4688403.408268888,19,T,1.0,"$GPGGA,224402.000,4219.7143,N,07106.2807,W,1,09,1.0,68.9,M,-33.8,M,,0000*54
"
1727909043.2246504,91,1727990886,0,GPS1_Frame,42.32857166666666,71.10467833333334,68.9,326591.4060178641,4688403.408268888,19,T,1.0,"$GPGGA,224403.000,4219.7143,N,07106.2807,W,1,09,1.0,68.9,M,-33.8,M,,0000*55
"
1727909044.220722,92,1727990888,0,GPS1_Frame,42.32857166666666,71.10467833333334,68.9,326591.4060178641,4688403.408268888,19,T,1.0,"$GPGGA,224404.000,4219.7143,N,07106.2807,W,1,09,1.0,68.9,M,-33.8,M,,0000*52
"
1727909045.2797477,93,1727990890,0,GPS1_Frame,42.32857166666666,71.10467833333334,68.9,326591.4060178641,4688403.408268888,19,T,1.0,"$GPGGA,224405.000,4219.7143,N,07106.2807,W,1,09,1.0,68.9,M,-33.8,M,,0000*53
"
1727909046.2458868,94,1727990892,0,GPS1_Frame,42.32857166666666,71.10467833333334,68.9,326591.4060178641,4688403.408268888,19,T,1.0,"$GPGGA,224406.000,4219.7143,N,07106.2807,W,1,09,1.0,68.9,M,-33.8,M,,0000*50
"
1727909047.2463837,95,1727990894,0,GPS1_Frame,42.32857166666666,71.10467833333334,68.9,326591.4060178641,4688403.408268888,19,T,1.0,"$GPGGA,224407.000,4219.7143,N,07106.2807,W,1,09,1.0,68.9,M,-33.8,M,,0000*51
"
1727909048.2212021,96,1727990896,0,GPS1_Frame,42.32857166666666,71.10467833333334,68.9,326591.4060178641,4688403.408268888,19,T,1.0,"$GPGGA,224408.000,4219.7143,N,07106.2807,W,1,09,1.0,68.9,M,-33.8,M,,0000*5E
"
1727909049.2211092,97,1727990898,0,GPS1_Frame,42.32857166666666,71.10467833333334,68.9,326591.4060178641,4688403.408268888,19,T,1.0,"$GPGGA,224409.000,4219.7143,N,07106.2807,W,1,09,1.0,68.9,M,-33.8,M,,0000*5F
"
1727909050.2217054,98,1727990900,0,GPS1_Frame,42.32857166666666,71.10467833333334,68.9,326591.4060178641,4688403.408268888,19,T,1.0,"$GPGGA,224410.000,4219.7143,N,07106.2807,W,1,09,1.0,68.9,M,-33.8,M,,0000*57
"
1727909051.22111,99,1727990902,0,GPS1_Frame,42.32857166666666,71.10467833333334,68.9,326591.4060178641,4688403.408268888,19,T,1.0,"$GPGGA,224411.000,4219.7143,N,07106.2807,W,1,09,1.0,68.9,M,-33.8,M,,0000*56
"
1727909052.2264535,100,1727990904,0,GPS1_Frame,42.32857166666666,71.10467833333334,68.9,326591.4060178641,4688403.408268888,19,T,1.0,"$GPGGA,224412.000,4219.7143,N,07106.2807,W,1,09,1.0,68.9,M,-33.8,M,,0000*55
"
1727909053.2215614,101,1727990906,0,GPS1_Frame,42.32857166666666,71.10467833333334,68.9,326591.4060178641,4688403.408268888,19,T,1.0,"$GPGGA,224413.000,4219.7143,N,07106.2807,W,1,09,1.0,68.9,M,-33.8,M,,0000*54
"
1727909054.2216382,102,1727990908,0,GPS1_Frame,42.32857166666666,71.10467833333334,68.9,326591.4060178641,4688403.408268888,19,T,1.0,"$GPGGA,224414.000,4219.7143,N,07106.2807,W,1,09,1.0,68.9,M,-33.8,M,,0000*53
"
1727909055.2214563,103,1727990910,0,GPS1_Frame,42.32857166666666,71.10467833333334,68.9,326591.4060178641,4688403.408268888,19,T,1.0,"$GPGGA,224415.000,4219.7143,N,07106.2807,W,1,09,1.0,68.9,M,-33.8,M,,0000*52
"
1727909056.2198465,104,1727990912,0,GPS1_Frame,42.32857166666666,71.10467833333334,68.9,326591.4060178641,4688403.408268888,19,T,1.4,"$GPGGA,224416.000,4219.7143,N,07106.2807,W,1,07,1.4,68.9,M,-33.8,M,,0000*5B
"
1727909057.224506,105,1727990914,0,GPS1_Frame,42.32857166666666,71.10467833333334,68.9,326591.4060178641,4688403.408268888,19,T,1.3,"$GPGGA,224417.000,4219.7143,N,07106.2807,W,1,08,1.3,68.9,M,-33.8,M,,0000*52
"
1727909058.2200415,106,1727990916,0,GPS1_Frame,42.32857166666666,71.10467833333334,68.9,326591.4060178641,4688403.408268888,19,T,1.3,"$GPGGA,224418.000,4219.7143,N,07106.2807,W,1,08,1.3,68.9,M,-33.8,M,,0000*5D
"
1727909059.2254794,107,1727990918,0,GPS1_Frame,42.32857166666666,71.10467833333334,68.9,326591.4060178641,4688403.408268888,19,T,1.3,"$GPGGA,224419.000,4219.7143,N,07106.2807,W,1,08,1.3,68.9,M,-33.8,M,,0000*5C
"
1727909060.2159805,108,1727990920,0,GPS1_Frame,42.32857166666666,71.10467833333334,68.9,326591.4060178641,4688403.408268888,19,T,1.3,"$GPGGA,224420.000,4219.7143,N,07106.2807,W,1,08,1.3,68.9,M,-33.8,M,,0000*56
"
1727909061.215267,109,1727990922,0,GPS1_Frame,42.32857166666666,71.10467833333334,68.9,326591.4060178641,4688403.408268888,19,T,1.3,"$GPGGA,224421.000,4219.7143,N,07106.2807,W,1,08,1.3,68.9,M,-33.8,M,,0000*57
"
1727909062.2085936,110,1727990924,0,GPS1_Frame,42.32857166666666,71.10467833333334,68.9,326591.4060178641,4688403.408268888,19,T,1.3,"$GPGGA,224422.000,4219.7143,N,07106.2807,W,1,08,1.3,68.9,M,-33.8,M,,0000*54
"
1727909063.2390943,111,1727990926,0,GPS1_Frame,42.32857166666666,71.10467833333334,68.9,326591.4060178641,4688403.408268888,19,T,1.0,"$GPGGA,224423.000,4219.7143,N,07106.2807,W,1,09,1.0,68.9,M,-33.8,M,,0000*57
"
1727909064.204366,112,1727990928,0,GPS1_Frame,42.32857166666666,71.10467833333334,68.9,326591.4060178641,4688403.408268888,19,T,1.0,"$GPGGA,224424.000,4219.7143,N,07106.2807,W,1,09,1.0,68.9,M,-33.8,M,,0000*50
"
1727909065.1987438,113,1727990930,0,GPS1_Frame,42.32857166666666,71.10467833333334,68.9,326591.4060178641,4688403.408268888,19,T,1.0,"$GPGGA,224425.000,4219.7143,N,07106.2807,W,1,09,1.0,68.9,M,-33.8,M,,0000*51
"
1727909066.1978507,114,1727990932,0,GPS1_Frame,42.32857166666666,71.10467833333334,68.9,326591.4060178641,4688403.408268888,19,T,1.0,"$GPGGA,224426.000,4219.7143,N,07106.2807,W,1,09,1.0,68.9,M,-33.8,M,,0000*52
"
1727909067.1919146,115,1727990934,0,GPS1_Frame,42.32857166666666,71.10467833333334,68.9,326591.4060178641,4688403.408268888,19,T,1.0,"$GPGGA,224427.000,4219.7143,N,07106.2807,W,1,09,1.0,68.9,M,-33.8,M,,0000*53
"
1727909068.1904736,116,1727990936,0,GPS1_Frame,42.32857166666666,71.10467833333334,68.9,326591.4060178641,4688403.408268888,19,T,1.0,"$GPGGA,224428.000,4219.7143,N,07106.2807,W,1,09,1.0,68.9,M,-33.8,M,,0000*5C
"
1727909069.186186,117,1727990938,0,GPS1_Frame,42.32857166666666,71.10467833333334,68.9,326591.4060178641,4688403.408268888,19,T,1.0,"$GPGGA,224429.000,4219.7143,N,07106.2807,W,1,09,1.0,68.9,M,-33.8,M,,0000*5D
"
1727909070.1837766,118,1727990940,0,GPS1_Frame,42.32857166666666,71.10467833333334,68.9,326591.4060178641,4688403.408268888,19,T,1.0,"$GPGGA,224430.000,4219.7143,N,07106.2807,W,1,09,1.0,68.9,M,-33.8,M,,0000*55
"
1727909071.187132,119,1727990942,0,GPS1_Frame,42.32857166666666,71.10467833333334,68.9,326591.4060178641,4688403.408268888,19,T,1.0,"$GPGGA,224431.000,4219.7143,N,07106.2807,W,1,09,1.0,68.9,M,-33.8,M,,0000*54
"
1727909072.181123,120,1727990944,0,GPS1_Frame,42.32857166666666,71.10467833333334,68.9,326591.4060178641,4688403.408268888,19,T,1.0,"$GPGGA,224432.000,4219.7143,N,07106.2807,W,1,09,1.0,68.9,M,-33.8,M,,0000*57
"
1727909073.176686,121,1727990946,0,GPS1_Frame,42.32857166666666,71.10467666666666,69.0,326591.5433436674,4688403.404870502,19,T,1.0,"$GPGGA,224433.000,4219.7143,N,07106.2806,W,1,09,1.0,69.0,M,-33.8,M,,0000*5F
"
1727909074.1784306,122,1727990948,0,GPS1_Frame,42.32857166666666,71.10467666666666,69.0,326591.5433436674,4688403.404870502,19,T,1.0,"$GPGGA,224434.000,4219.7143,N,07106.2806,W,1,09,1.0,69.0,M,-33.8,M,,0000*58
"
1727909075.2008588,123,1727990950,0,GPS1_Frame,42.32857166666666,71.10467666666666,69.0,326591.5433436674,4688403.404870502,19,T,1.0,"$GPGGA,224435.000,4219.7143,N,07106.2806,W,1,09,1.0,69.0,M,-33.8,M,,0000*59
"
1727909076.1932786,124,1727990952,0,GPS1_Frame,42.32857166666666,71.10467666666666,69.1,326591.5433436674,4688403.404870502,19,T,1.1,"$GPGGA,224436.000,4219.7143,N,07106.2806,W,1,08,1.1,69.1,M,-33.8,M,,0000*5B
"
1727909077.1669514,125,1727990954,0,GPS1_Frame,42.32857166666666,71.10467666666666,69.1,326591.5433436674,4688403.404870502,19,T,1.1,"$GPGGA,224437.000,4219.7143,N,07106.2806,W,1,08,1.1,69.1,M,-33.8,M,,0000*5A
"
1727909078.1623714,126,1727990956,0,GPS1_Frame,42.328570000000006,71.10467666666666,69.1,326591.5387637494,4688403.21979994,19,T,1.2,"$GPGGA,224438.000,4219.7142,N,07106.2806,W,1,07,1.2,69.1,M,-33.8,M,,0000*58
"
1727909079.1570723,127,1727990958,0,GPS1_Frame,42.328570000000006,71.10467666666666,69.1,326591.5387637494,4688403.21979994,19,T,1.4,"$GPGGA,224439.000,4219.7142,N,07106.2806,W,1,06,1.4,69.1,M,-33.8,M,,0000*5E
"
1727909080.1687183,128,1727990960,0,GPS1_Frame,42.328570000000006,71.10467666666666,69.1,326591.5387637494,4688403.21979994,19,T,1.4,"$GPGGA,224440.000,4219.7142,N,07106.2806,W,1,06,1.4,69.1,M,-33.8,M,,0000*50
"
1727909081.1583426,129,1727990962,0,GPS1_Frame,42.328570000000006,71.10467666666666,69.1,326591.5387637494,4688403.21979994,19,T,1.2,"$GPGGA,224441.000,4219.7142,N,07106.2806,W,1,07,1.2,69.1,M,-33.8,M,,0000*56
"
1727909082.1593087,130,1727990964,0,GPS1_Frame,42.328570000000006,71.10467666666666,69.1,326591.5387637494,4688403.21979994,19,T,1.2,"$GPGGA,224442.000,4219.7142,N,07106.2806,W,1,07,1.2,69.1,M,-33.8,M,,0000*55
"
1727909083.158737,131,1727990966,0,GPS1_Frame,42.32856833333334,71.10467166666668,69.4,326591.94616125664,4688403.024534232,19,T,1.1,"$GPGGA,224443.000,4219.7141,N,07106.2803,W,1,08,1.1,69.4,M,-33.8,M,,0000*5B
"
1727909084.179025,132,1727990968,0,GPS1_Frame,42.32856666666667,71.10467333333332,69.4,326591.8042555399,4688402.842862044,19,T,1.7,"$GPGGA,224444.000,4219.7140,N,07106.2804,W,1,07,1.7,69.4,M,-33.8,M,,0000*53
"
1727909085.1548698,133,1727990970,0,GPS1_Frame,42.328565,71.104675,69.5,326591.66234981176,4688402.66118986,19,T,1.1,"$GPGGA,224445.000,4219.7139,N,07106.2805,W,1,08,1.1,69.5,M,-33.8,M,,0000*55
"
1727909086.1508038,134,1727990972,0,GPS1_Frame,42.32856333333334,71.10467666666666,69.4,326591.5204440787,4688402.4795176815,19,T,1.7,"$GPGGA,224446.000,4219.7138,N,07106.2806,W,1,07,1.7,69.4,M,-33.8,M,,0000*5C
"
1727909087.1509764,135,1727990974,0,GPS1_Frame,42.32856166666667,71.10467833333334,69.4,326591.3785383364,4688402.297845501,19,T,1.7,"$GPGGA,224447.000,4219.7137,N,07106.2807,W,1,07,1.7,69.4,M,-33.8,M,,0000*53
"
1727909088.1475055,136,1727990976,0,GPS1_Frame,42.32856166666667,71.10467666666666,69.4,326591.5158641613,4688402.294447117,19,T,1.3,"$GPGGA,224448.000,4219.7137,N,07106.2806,W,1,07,1.3,69.4,M,-33.8,M,,0000*59
"
1727909089.146842,137,1727990978,0,GPS1_Frame,42.32856333333334,71.10467333333332,69.4,326591.7950957194,4688402.472720917,19,T,1.9,"$GPGGA,224449.000,4219.7138,N,07106.2804,W,1,06,1.9,69.4,M,-33.8,M,,0000*5E
"
1727909090.1436005,138,1727990980,0,GPS1_Frame,42.328565,71.10467166666668,69.6,326591.9370014431,4688402.654393102,19,T,1.9,"$GPGGA,224450.000,4219.7139,N,07106.2803,W,1,06,1.9,69.6,M,-33.8,M,,0000*52
"
1727909091.14246,139,1727990982,0,GPS1_Frame,42.32856666666667,71.10466833333334,69.6,326592.2162329779,4688402.83266692,19,T,1.5,"$GPGGA,224451.000,4219.7140,N,07106.2801,W,1,07,1.5,69.6,M,-33.8,M,,0000*52
"
1727909092.1758306,140,1727990984,0,GPS1_Frame,42.32856666666667,71.10466833333334,69.6,326592.2162329779,4688402.83266692,19,T,1.5,"$GPGGA,224452.000,4219.7140,N,07106.2801,W,1,07,1.5,69.6,M,-33.8,M,,0000*51
"
1727909093.1446342,141,1727990986,0,GPS1_Frame,42.32856666666667,71.10466666666666,69.7,326592.35355879203,4688402.8292685505,19,T,1.5,"$GPGGA,224453.000,4219.7140,N,07106.2800,W,1,07,1.5,69.7,M,-33.8,M,,0000*50
"
1727909094.143015,142,1727990988,0,GPS1_Frame,42.32856666666667,71.10466666666666,69.6,326592.35355879203,4688402.8292685505,19,T,1.5,"$GPGGA,224454.000,4219.7140,N,07106.2800,W,1,07,1.5,69.6,M,-33.8,M,,0000*56
"
1727909095.1691904,143,1727990990,0,GPS1_Frame,42.32856666666667,71.10466666666666,69.6,326592.35355879203,4688402.8292685505,19,T,1.5,"$GPGGA,224455.000,4219.7140,N,07106.2800,W,1,07,1.5,69.6,M,-33.8,M,,0000*57
"
1727909096.1709652,144,1727990992,0,GPS1_Frame,42.32856666666667,71.10466666666666,69.6,326592.35355879203,4688402.8292685505,19,T,1.5,"$GPGGA,224456.000,4219.7140,N,07106.2800,W,1,08,1.5,69.6,M,-33.8,M,,0000*5B
"
1727909097.1705692,145,1727990994,0,GPS1_Frame,42.32856666666667,71.10466666666666,69.6,326592.35355879203,4688402.8292685505,19,T,1.5,"$GPGGA,224457.000,4219.7140,N,07106.2800,W,1,08,1.5,69.6,M,-33.8,M,,0000*5A
"
1727909098.1437092,146,1727990996,0,GPS1_Frame,42.32856666666667,71.10466666666666,69.6,326592.35355879203,4688402.8292685505,19,T,1.5,"$GPGGA,224458.000,4219.7140,N,07106.2800,W,1,08,1.5,69.6,M,-33.8,M,,0000*55
"
1727909099.1385095,147,1727990998,0,GPS1_Frame,42.32856666666667,71.10466666666666,69.6,326592.35355879203,4688402.8292685505,19,T,1.7,"$GPGGA,224459.000,4219.7140,N,07106.2800,W,1,07,1.7,69.6,M,-33.8,M,,0000*59
"
1727909100.1359794,148,1727991000,0,GPS1_Frame,42.32856666666667,71.10466666666666,69.6,326592.35355879203,4688402.8292685505,19,T,1.7,"$GPGGA,224500.000,4219.7140,N,07106.2800,W,1,07,1.7,69.6,M,-33.8,M,,0000*54
"
1727909101.140818,149,1727991002,0,GPS1_Frame,42.32856666666667,71.10466666666666,69.6,326592.35355879203,4688402.8292685505,19,T,2.5,"$GPGGA,224501.000,4219.7140,N,07106.2800,W,1,06,2.5,69.6,M,-33.8,M,,0000*55
"
1727909102.1356192,150,1727991004,0,GPS1_Frame,42.32856666666667,71.10466666666666,69.6,326592.35355879203,4688402.8292685505,19,T,2.1,"$GPGGA,224502.000,4219.7140,N,07106.2800,W,1,07,2.1,69.6,M,-33.8,M,,0000*53
"
1727909103.1346705,151,1727991006,0,GPS1_Frame,42.32856666666667,71.10466666666666,69.6,326592.35355879203,4688402.8292685505,19,T,2.1,"$GPGGA,224503.000,4219.7140,N,07106.2800,W,1,07,2.1,69.6,M,-33.8,M,,0000*52
"
1727909104.139305,152,1727991008,0,GPS1_Frame,42.32856666666667,71.10466666666666,69.6,326592.35355879203,4688402.8292685505,19,T,1.5,"$GPGGA,224504.000,4219.7140,N,07106.2800,W,1,08,1.5,69.6,M,-33.8,M,,0000*5D
"
1727909105.1345718,153,1727991010,0,GPS1_Frame,42.32856666666667,71.10466666666666,69.6,326592.35355879203,4688402.8292685505,19,T,1.5,"$GPGGA,224505.000,4219.7140,N,07106.2800,W,1,08,1.5,69.6,M,-33.8,M,,0000*5C
"
1727909106.1342406,154,1727991012,0,GPS1_Frame,42.32856666666667,71.10466666666666,69.6,326592.35355879203,4688402.8292685505,19,T,1.5,"$GPGGA,224506.000,4219.7140,N,07106.2800,W,1,08,1.5,69.6,M,-33.8,M,,0000*5F
"
1727909107.1339986,155,1727991014,0,GPS1_Frame,42.32856666666667,71.10466666666666,69.6,326592.35355879203,4688402.8292685505,19,T,2.1,"$GPGGA,224507.000,4219.7140,N,07106.2800,W,1,07,2.1,69.6,M,-33.8,M,,0000*56
"
1727909108.1352272,156,1727991016,0,GPS1_Frame,42.32856666666667,71.10466666666666,69.6,326592.35355879203,4688402.8292685505,19,T,2.1,"$GPGGA,224508.000,4219.7140,N,07106.2800,W,1,07,2.1,69.6,M,-33.8,M,,0000*59
"
1727909109.1345546,157,1727991018,0,GPS1_Frame,42.32856666666667,71.10466666666666,69.6,326592.35355879203,4688402.8292685505,19,T,1.5,"$GPGGA,224509.000,4219.7140,N,07106.2800,W,1,08,1.5,69.6,M,-33.8,M,,0000*50
"
1727909110.132215,158,1727991020,0,GPS1_Frame,42.32856666666667,71.10466666666666,69.6,326592.35355879203,4688402.8292685505,19,T,1.5,"$GPGGA,224510.000,4219.7140,N,07106.2800,W,1,08,1.5,69.6,M,-33.8,M,,0000*58
"
1727909111.1327014,159,1727991022,0,GPS1_Frame,42.32856666666667,71.10466666666666,69.6,326592.35355879203,4688402.8292685505,19,T,2.1,"$GPGGA,224511.000,4219.7140,N,07106.2800,W,1,07,2.1,69.6,M,-33.8,M,,0000*51
"
1727909112.1272876,160,1727991024,0,GPS1_Frame,42.32856666666667,71.10466666666666,69.6,326592.35355879203,4688402.8292685505,19,T,2.1,"$GPGGA,224512.000,4219.7140,N,07106.2800,W,1,07,2.1,69.6,M,-33.8,M,,0000*52
"
1727909113.1530247,161,1727991026,0,GPS1_Frame,42.32856666666667,71.10466500000001,69.5,326592.49088460184,4688402.825870183,19,T,2.7,"$GPGGA,224513.000,4219.7140,N,07106.2799,W,1,05,2.7,69.5,M,-33.8,M,,0000*5B
"
1727909114.1226041,162,1727991028,0,GPS1_Frame,42.32856833333334,71.10466500000001,69.5,326592.4954644942,4688403.010940748,19,T,2.5,"$GPGGA,224514.000,4219.7141,N,07106.2799,W,1,06,2.5,69.5,M,-33.8,M,,0000*5C
"
1727909115.122791,163,1727991030,0,GPS1_Frame,42.328570000000006,71.10466333333333,69.5,326592.6373701935,4688403.19261295,19,T,2.5,"$GPGGA,224515.000,4219.7142,N,07106.2798,W,1,06,2.5,69.5,M,-33.8,M,,0000*5F
"
1727909116.1242933,164,1727991032,0,GPS1_Frame,42.32857166666666,71.10466,69.5,326592.9166016866,4688403.3708867915,19,T,2.1,"$GPGGA,224516.000,4219.7143,N,07106.2796,W,1,07,2.1,69.5,M,-33.8,M,,0000*56
"
1727909117.1250966,165,1727991034,0,GPS1_Frame,42.32857166666666,71.10466,69.6,326592.9166016866,4688403.3708867915,19,T,2.1,"$GPGGA,224517.000,4219.7143,N,07106.2796,W,1,07,2.1,69.6,M,-33.8,M,,0000*54
"
1727909118.12442,166,1727991036,0,GPS1_Frame,42.32857166666666,71.10466,69.5,326592.9166016866,4688403.3708867915,19,T,2.1,"$GPGGA,224518.000,4219.7143,N,07106.2796,W,1,07,2.1,69.5,M,-33.8,M,,0000*58
"
1727909119.1258335,167,1727991038,0,GPS1_Frame,42.32857166666666,71.10466,69.5,326592.9166016866,4688403.3708867915,19,T,2.1,"$GPGGA,224519.000,4219.7143,N,07106.2796,W,1,07,2.1,69.5,M,-33.8,M,,0000*59
"
1727909120.1266274,168,1727991040,0,GPS1_Frame,42.32857166666666,71.10466,69.5,326592.9166016866,4688403.3708867915,19,T,1.6,"$GPGGA,224520.000,4219.7143,N,07106.2796,W,1,07,1.6,69.5,M,-33.8,M,,0000*57
"
1727909121.1294866,169,1727991042,0,GPS1_Frame,42.32857166666666,71.10466,69.5,326592.9166016866,4688403.3708867915,19,T,1.6,"$GPGGA,224521.000,4219.7143,N,07106.2796,W,1,07,1.6,69.5,M,-33.8,M,,0000*56
"
1727909122.1277413,170,1727991044,0,GPS1_Frame,42.32857166666666,71.10466,69.5,326592.9166016866,4688403.3708867915,19,T,1.1,"$GPGGA,224522.000,4219.7143,N,07106.2796,W,1,08,1.1,69.5,M,-33.8,M,,0000*5D
"
1727909123.1306686,171,1727991046,0,GPS1_Frame,42.32857166666666,71.10466,69.5,326592.9166016866,4688403.3708867915,19,T,1.1,"$GPGGA,224523.000,4219.7143,N,07106.2796,W,1,08,1.1,69.5,M,-33.8,M,,0000*5C
"
1727909124.1249623,172,1727991048,0,GPS1_Frame,42.32857166666666,71.10466,69.5,326592.9166016866,4688403.3708867915,19,T,1.1,"$GPGGA,224524.000,4219.7143,N,07106.2796,W,1,08,1.1,69.5,M,-33.8,M,,0000*5B
"
1727909125.1652052,173,1727991050,0,GPS1_Frame,42.32857166666666,71.10466,69.5,326592.9166016866,4688403.3708867915,19,T,1.1,"$GPGGA,224525.000,4219.7143,N,07106.2796,W,1,08,1.1,69.5,M,-33.8,M,,0000*5A
"
1727909126.1469948,174,1727991052,0,GPS1_Frame,42.32857166666666,71.10466,69.6,326592.9166016866,4688403.3708867915,19,T,1.1,"$GPGGA,224526.000,4219.7143,N,07106.2796,W,1,08,1.1,69.6,M,-33.8,M,,0000*5A
"
1727909127.1791914,175,1727991054,0,GPS1_Frame,42.32857166666666,71.10466,69.6,326592.9166016866,4688403.3708867915,19,T,1.1,"$GPGGA,224527.000,4219.7143,N,07106.2796,W,1,08,1.1,69.6,M,-33.8,M,,0000*5B
"
1727909128.1670074,176,1727991056,0,GPS1_Frame,42.32857166666666,71.10466,69.6,326592.9166016866,4688403.3708867915,19,T,1.2,"$GPGGA,224528.000,4219.7143,N,07106.2796,W,1,07,1.2,69.6,M,-33.8,M,,0000*58
"
1727909129.1641204,177,1727991058,0,GPS1_Frame,42.32857166666666,71.10466,69.6,326592.9166016866,4688403.3708867915,19,T,1.2,"$GPGGA,224529.000,4219.7143,N,07106.2796,W,1,07,1.2,69.6,M,-33.8,M,,0000*59
"
1727909130.2083225,178,1727991060,0,GPS1_Frame,42.32857166666666,71.10466,69.6,326592.9166016866,4688403.3708867915,19,T,1.2,"$GPGGA,224530.000,4219.7143,N,07106.2796,W,1,07,1.2,69.6,M,-33.8,M,,0000*51
"
1727909131.1821027,179,1727991062,0,GPS1_Frame,42.32857166666666,71.10466,69.6,326592.9166016866,4688403.3708867915,19,T,1.1,"$GPGGA,224531.000,4219.7143,N,07106.2796,W,1,08,1.1,69.6,M,-33.8,M,,0000*5C
"
1727909132.1836112,180,1727991064,0,GPS1_Frame,42.32857166666666,71.10466,69.6,326592.9166016866,4688403.3708867915,19,T,1.1,"$GPGGA,224532.000,4219.7143,N,07106.2796,W,1,08,1.1,69.6,M,-33.8,M,,0000*5F
"
1727909133.1915033,181,1727991066,0,GPS1_Frame,42.32857166666666,71.10466,69.6,326592.9166016866,4688403.3708867915,19,T,1.1,"$GPGGA,224533.000,4219.7143,N,07106.2796,W,1,08,1.1,69.6,M,-33.8,M,,0000*5E
"
1727909134.227803,182,1727991068,0,GPS1_Frame,42.32857166666666,71.10466,69.6,326592.9166016866,4688403.3708867915,19,T,1.1,"$GPGGA,224534.000,4219.7143,N,07106.2796,W,1,08,1.1,69.6,M,-33.8,M,,0000*59
"
1727909135.198695,183,1727991070,0,GPS1_Frame,42.32857166666666,71.10466,69.6,326592.9166016866,4688403.3708867915,19,T,1.4,"$GPGGA,224535.000,4219.7143,N,07106.2796,W,1,07,1.4,69.6,M,-33.8,M,,0000*52
"
1727909136.2042377,184,1727991072,0,GPS1_Frame,42.32857166666666,71.10466,69.6,326592.9166016866,4688403.3708867915,19,T,1.4,"$GPGGA,224536.000,4219.7143,N,07106.2796,W,1,07,1.4,69.6,M,-33.8,M,,0000*51
"
1727909137.2106774,185,1727991074,0,GPS1_Frame,42.32857166666666,71.10466,69.6,326592.9166016866,4688403.3708867915,19,T,1.1,"$GPGGA,224537.000,4219.7143,N,07106.2796,W,1,08,1.1,69.6,M,-33.8,M,,0000*5A
"
1727909138.2173634,186,1727991076,0,GPS1_Frame,42.32857166666666,71.10466,69.6,326592.9166016866,4688403.3708867915,19,T,1.1,"$GPGGA,224538.000,4219.7143,N,07106.2796,W,1,08,1.1,69.6,M,-33.8,M,,0000*55
"
1727909139.2055273,187,1727991078,0,GPS1_Frame,42.32857166666666,71.10466,69.5,326592.9166016866,4688403.3708867915,19,T,1.6,"$GPGGA,224539.000,4219.7143,N,07106.2796,W,1,07,1.6,69.5,M,-33.8,M,,0000*5F
"
1727909140.223959,188,1727991080,0,GPS1_Frame,42.32857333333333,71.10466166666667,69.6,326592.783855769,4688403.559355715,19,T,1.6,"$GPGGA,224540.000,4219.7144,N,07106.2797,W,1,07,1.6,69.6,M,-33.8,M,,0000*54
"
1727909141.226112,189,1727991082,0,GPS1_Frame,42.32857833333334,71.10466333333333,69.7,326592.6602696399,4688404.117965772,19,T,1.5,"$GPGGA,224541.000,4219.7147,N,07106.2798,W,1,08,1.5,69.7,M,-33.8,M,,0000*54
"
1727909142.2580793,190,1727991084,0,GPS1_Frame,42.328579999999995,71.10466500000001,69.8,326592.5275237447,4688404.3064347,19,T,1.5,"$GPGGA,224542.000,4219.7148,N,07106.2799,W,1,08,1.5,69.8,M,-33.8,M,,0000*56
"
1727909143.2303443,191,1727991086,0,GPS1_Frame,42.32857833333334,71.10466333333333,69.9,326592.6602696399,4688404.117965772,19,T,2.1,"$GPGGA,224543.000,4219.7147,N,07106.2798,W,1,07,2.1,69.9,M,-33.8,M,,0000*50
"
1727909144.233308,192,1727991088,0,GPS1_Frame,42.32857833333334,71.10466333333333,69.9,326592.6602696399,4688404.117965772,19,T,2.1,"$GPGGA,224544.000,4219.7147,N,07106.2798,W,1,07,2.1,69.9,M,-33.8,M,,0000*57
"
1727909145.2355156,193,1727991090,0,GPS1_Frame,42.32857833333334,71.10466333333333,69.9,326592.6602696399,4688404.117965772,19,T,2.1,"$GPGGA,224545.000,4219.7147,N,07106.2798,W,1,07,2.1,69.9,M,-33.8,M,,0000*56
"
1727909146.2727494,194,1727991092,0,GPS1_Frame,42.32857833333334,71.10466333333333,69.9,326592.6602696399,4688404.117965772,19,T,1.5,"$GPGGA,224546.000,4219.7147,N,07106.2798,W,1,08,1.5,69.9,M,-33.8,M,,0000*5D
"
1727909147.2701864,195,1727991094,0,GPS1_Frame,42.32857833333334,71.10466333333333,69.9,326592.6602696399,4688404.117965772,19,T,2.1,"$GPGGA,224547.000,4219.7147,N,07106.2798,W,1,07,2.1,69.9,M,-33.8,M,,0000*54
"
1727909148.2430391,196,1727991096,0,GPS1_Frame,42.32857833333334,71.10466333333333,69.9,326592.6602696399,4688404.117965772,19,T,2.1,"$GPGGA,224548.000,4219.7147,N,07106.2798,W,1,07,2.1,69.9,M,-33.8,M,,0000*5B
"
1727909149.2479656,197,1727991098,0,GPS1_Frame,42.32857833333334,71.10466333333333,69.9,326592.6602696399,4688404.117965772,19,T,2.1,"$GPGGA,224549.000,4219.7147,N,07106.2798,W,1,07,2.1,69.9,M,-33.8,M,,0000*5A
"
1727909150.2846472,198,1727991100,0,GPS1_Frame,42.32857833333334,71.10466333333333,69.9,326592.6602696399,4688404.117965772,19,T,2.1,"$GPGGA,224550.000,4219.7147,N,07106.2798,W,1,07,2.1,69.9,M,-33.8,M,,0000*52
"
1727909151.2500777,199,1727991102,0,GPS1_Frame,42.32857833333334,71.10466333333333,69.9,326592.6602696399,4688404.117965772,19,T,2.1,"$GPGGA,224551.000,4219.7147,N,07106.2798,W,1,07,2.1,69.9,M,-33.8,M,,0000*53
"
1727909152.254365,200,1727991104,0,GPS1_Frame,42.32857833333334,71.10466333333333,69.9,326592.6602696399,4688404.117965772,19,T,2.1,"$GPGGA,224552.000,4219.7147,N,07106.2798,W,1,07,2.1,69.9,M,-33.8,M,,0000*50
"
1727909153.2572274,201,1727991106,0,GPS1_Frame,42.32857833333334,71.10466333333333,69.9,326592.6602696399,4688404.117965772,19,T,1.5,"$GPGGA,224553.000,4219.7147,N,07106.2798,W,1,08,1.5,69.9,M,-33.8,M,,0000*59
"
1727909154.260106,202,1727991108,0,GPS1_Frame,42.32857833333334,71.10466333333333,69.9,326592.6602696399,4688404.117965772,19,T,1.5,"$GPGGA,224554.000,4219.7147,N,07106.2798,W,1,08,1.5,69.9,M,-33.8,M,,0000*5E
"
1727909155.2616963,203,1727991110,0,GPS1_Frame,42.32857833333334,71.10466333333333,69.9,326592.6602696399,4688404.117965772,19,T,1.5,"$GPGGA,224555.000,4219.7147,N,07106.2798,W,1,08,1.5,69.9,M,-33.8,M,,0000*5F
"
1727909156.261934,204,1727991112,0,GPS1_Frame,42.32857833333334,71.10466500000001,69.9,326592.52294385136,4688404.121364136,19,T,1.5,"$GPGGA,224556.000,4219.7147,N,07106.2799,W,1,08,1.5,69.9,M,-33.8,M,,0000*5D
"
1727909157.2601957,205,1727991114,0,GPS1_Frame,42.32857666666667,71.10466833333334,70.0,326592.2437123778,4688403.943090307,19,T,2.1,"$GPGGA,224557.000,4219.7146,N,07106.2801,W,1,07,2.1,70.0,M,-33.8,M,,0000*5A
"
1727909158.2629774,206,1727991116,0,GPS1_Frame,42.32857666666667,71.10467333333332,70.0,326591.831735005,4688403.953285432,19,T,2.1,"$GPGGA,224558.000,4219.7146,N,07106.2804,W,1,07,2.1,70.0,M,-33.8,M,,0000*50
"
1727909159.2666333,207,1727991118,0,GPS1_Frame,42.32857833333334,71.10467666666666,70.0,326591.5616633411,4688404.145152761,19,T,2.1,"$GPGGA,224559.000,4219.7147,N,07106.2806,W,1,07,2.1,70.0,M,-33.8,M,,0000*52
"
1727909160.265361,208,1727991120,0,GPS1_Frame,42.32857666666667,71.10468166666666,70.1,326591.1451060474,4688403.970277362,19,T,2.1,"$GPGGA,224600.000,4219.7146,N,07106.2809,W,1,07,2.1,70.1,M,-33.8,M,,0000*52
"
1727909161.2695224,209,1727991122,0,GPS1_Frame,42.32857666666667,71.104685,70.1,326590.8704544668,4688403.977074152,19,T,1.5,"$GPGGA,224601.000,4219.7146,N,07106.2811,W,1,08,1.5,70.1,M,-33.8,M,,0000*52
"
1727909162.2733705,210,1727991124,0,GPS1_Frame,42.32857666666667,71.104685,70.1,326590.8704544668,4688403.977074152,19,T,1.5,"$GPGGA,224602.000,4219.7146,N,07106.2811,W,1,08,1.5,70.1,M,-33.8,M,,0000*51
"
1727909163.302475,211,1727991126,0,GPS1_Frame,42.32857666666667,71.10468666666667,70.1,326590.7331286744,4688403.980472551,19,T,1.5,"$GPGGA,224603.000,4219.7146,N,07106.2812,W,1,08,1.5,70.1,M,-33.8,M,,0000*53
"
1727909164.2756708,212,1727991128,0,GPS1_Frame,42.32857833333334,71.104685,70.1,326590.87503440364,4688404.162144718,19,T,1.0,"$GPGGA,224604.000,4219.7147,N,07106.2811,W,1,09,1.0,70.1,M,-33.8,M,,0000*52
"
1727909165.2757273,213,1727991130,0,GPS1_Frame,42.32857833333334,71.104685,70.1,326590.87503440364,4688404.162144718,19,T,1.0,"$GPGGA,224605.000,4219.7147,N,07106.2811,W,1,09,1.0,70.1,M,-33.8,M,,0000*53
"
1727909166.2775428,214,1727991132,0,GPS1_Frame,42.32857833333334,71.104685,70.1,326590.87503440364,4688404.162144718,19,T,1.0,"$GPGGA,224606.000,4219.7147,N,07106.2811,W,1,09,1.0,70.1,M,-33.8,M,,0000*50
"
1727909167.2806718,215,1727991134,0,GPS1_Frame,42.32857833333334,71.104685,70.1,326590.87503440364,4688404.162144718,19,T,1.0,"$GPGGA,224607.000,4219.7147,N,07106.2811,W,1,09,1.0,70.1,M,-33.8,M,,0000*51
"
1727909168.2787771,216,1727991136,0,GPS1_Frame,42.32857666666667,71.104685,70.1,326590.8704544668,4688403.977074152,19,T,1.0,"$GPGGA,224608.000,4219.7146,N,07106.2811,W,1,09,1.0,70.1,M,-33.8,M,,0000*5F
"
1727909169.280753,217,1727991138,0,GPS1_Frame,42.32857666666667,71.104685,70.1,326590.8704544668,4688403.977074152,19,T,1.0,"$GPGGA,224609.000,4219.7146,N,07106.2811,W,1,09,1.0,70.1,M,-33.8,M,,0000*5E
"
1727909170.2815778,218,1727991140,0,GPS1_Frame,42.32857666666667,71.104685,70.1,326590.8704544668,4688403.977074152,19,T,1.0,"$GPGGA,224610.000,4219.7146,N,07106.2811,W,1,09,1.0,70.1,M,-33.8,M,,0000*56
"
1727909171.2843144,219,1727991142,0,GPS1_Frame,42.32857666666667,71.104685,70.1,326590.8704544668,4688403.977074152,19,T,1.0,"$GPGGA,224611.000,4219.7146,N,07106.2811,W,1,09,1.0,70.1,M,-33.8,M,,0000*57
"
1727909172.2826197,220,1727991144,0,GPS1_Frame,42.328575,71.104685,70.2,326590.86587453017,4688403.792003588,19,T,1.0,"$GPGGA,224612.000,4219.7145,N,07106.2811,W,1,09,1.0,70.2,M,-33.8,M,,0000*54
"
1727909173.2838745,221,1727991146,0,GPS1_Frame,42.328575,71.104685,70.2,326590.86587453017,4688403.792003588,19,T,1.0,"$GPGGA,224613.000,4219.7145,N,07106.2811,W,1,09,1.0,70.2,M,-33.8,M,,0000*55
"
1727909174.2850513,222,1727991148,0,GPS1_Frame,42.328575,71.104685,70.2,326590.86587453017,4688403.792003588,19,T,1.0,"$GPGGA,224614.000,4219.7145,N,07106.2811,W,1,09,1.0,70.2,M,-33.8,M,,0000*52
"
1727909175.279746,223,1727991150,0,GPS1_Frame,42.328575,71.104685,70.2,326590.86587453017,4688403.792003588,19,T,1.1,"$GPGGA,224615.000,4219.7145,N,07106.2811,W,1,07,1.1,70.2,M,-33.8,M,,0000*5C
"
1727909176.3112533,224,1727991152,0,GPS1_Frame,42.328575,71.104685,70.3,326590.86587453017,4688403.792003588,19,T,1.1,"$GPGGA,224616.000,4219.7145,N,07106.2811,W,1,07,1.1,70.3,M,-33.8,M,,0000*5E
"
1727909177.2827308,225,1727991154,0,GPS1_Frame,42.328575,71.10468666666667,70.2,326590.7285487341,4688403.795401987,19,T,1.1,"$GPGGA,224617.000,4219.7145,N,07106.2812,W,1,07,1.1,70.2,M,-33.8,M,,0000*5D
"
1727909178.3155403,226,1727991156,0,GPS1_Frame,42.328575,71.10468666666667,70.2,326590.7285487341,4688403.795401987,19,T,1.1,"$GPGGA,224618.000,4219.7145,N,07106.2812,W,1,08,1.1,70.2,M,-33.8,M,,0000*5D
"
1727909179.2901819,227,1727991158,0,GPS1_Frame,42.328575,71.10468666666667,70.2,326590.7285487341,4688403.795401987,19,T,1.0,"$GPGGA,224619.000,4219.7145,N,07106.2812,W,1,09,1.0,70.2,M,-33.8,M,,0000*5C
"
1727909180.2862456,228,1727991160,0,GPS1_Frame,42.32857333333333,71.10468666666667,70.4,326590.723968794,4688403.610331422,19,T,1.1,"$GPGGA,224620.000,4219.7144,N,07106.2812,W,1,08,1.1,70.4,M,-33.8,M,,0000*51
"
1727909181.2905672,229,1727991162,0,GPS1_Frame,42.32857166666666,71.10468666666667,70.4,326590.719388854,4688403.425260857,19,T,1.0,"$GPGGA,224621.000,4219.7143,N,07106.2812,W,1,09,1.0,70.4,M,-33.8,M,,0000*57
"
1727909182.2915998,230,1727991164,0,GPS1_Frame,42.32857166666666,71.10468666666667,70.4,326590.719388854,4688403.425260857,19,T,1.0,"$GPGGA,224622.000,4219.7143,N,07106.2812,W,1,09,1.0,70.4,M,-33.8,M,,0000*54
"
1727909183.2909915,231,1727991166,0,GPS1_Frame,42.32857166666666,71.10468666666667,70.4,326590.719388854,4688403.425260857,19,T,1.0,"$GPGGA,224623.000,4219.7143,N,07106.2812,W,1,09,1.0,70.4,M,-33.8,M,,0000*55
"
1727909184.3297687,232,1727991168,0,GPS1_Frame,42.32857166666666,71.10468666666667,70.4,326590.719388854,4688403.425260857,19,T,1.0,"$GPGGA,224624.000,4219.7143,N,07106.2812,W,1,09,1.0,70.4,M,-33.8,M,,0000*52
"
1727909185.3089976,233,1727991170,0,GPS1_Frame,42.32857166666666,71.10468666666667,70.4,326590.719388854,4688403.425260857,19,T,1.1,"$GPGGA,224625.000,4219.7143,N,07106.2812,W,1,07,1.1,70.4,M,-33.8,M,,0000*5C
"
1727909186.2888193,234,1727991172,0,GPS1_Frame,42.328570000000006,71.10468833333333,70.4,326590.5774831093,4688403.243588695,19,T,1.4,"$GPGGA,224626.000,4219.7142,N,07106.2813,W,1,07,1.4,70.4,M,-33.8,M,,0000*5A
"
1727909187.2954264,235,1727991174,0,GPS1_Frame,42.32856666666667,71.10468999999999,70.4,326590.4309974107,4688402.876845969,19,T,1.0,"$GPGGA,224627.000,4219.7140,N,07106.2814,W,1,09,1.0,70.4,M,-33.8,M,,0000*54
"
1727909188.2954428,236,1727991176,0,GPS1_Frame,42.32856666666667,71.10468999999999,70.4,326590.4309974107,4688402.876845969,19,T,1.0,"$GPGGA,224628.000,4219.7140,N,07106.2814,W,1,09,1.0,70.4,M,-33.8,M,,0000*5B
"
1727909189.2937016,237,1727991178,0,GPS1_Frame,42.32856666666667,71.10468999999999,70.4,326590.4309974107,4688402.876845969,19,T,1.3,"$GPGGA,224629.000,4219.7140,N,07106.2814,W,1,08,1.3,70.4,M,-33.8,M,,0000*58
"
1727909190.2927918,238,1727991180,0,GPS1_Frame,42.32856666666667,71.10468999999999,70.4,326590.4309974107,4688402.876845969,19,T,1.0,"$GPGGA,224630.000,4219.7140,N,07106.2814,W,1,09,1.0,70.4,M,-33.8,M,,0000*52
"
1727909191.2931345,239,1727991182,0,GPS1_Frame,42.32856666666667,71.10468999999999,70.4,326590.4309974107,4688402.876845969,19,T,1.0,"$GPGGA,224631.000,4219.7140,N,07106.2814,W,1,09,1.0,70.4,M,-33.8,M,,0000*53
"
1727909192.3252645,240,1727991184,0,GPS1_Frame,42.32856666666667,71.10468999999999,70.4,326590.4309974107,4688402.876845969,19,T,1.0,"$GPGGA,224632.000,4219.7140,N,07106.2814,W,1,09,1.0,70.4,M,-33.8,M,,0000*50
"
1727909193.293199,241,1727991186,0,GPS1_Frame,42.32856666666667,71.10468999999999,70.3,326590.4309974107,4688402.876845969,19,T,1.0,"$GPGGA,224633.000,4219.7140,N,07106.2814,W,1,09,1.0,70.3,M,-33.8,M,,0000*56
"
1727909194.2903538,242,1727991188,0,GPS1_Frame,42.32856666666667,71.10468833333333,70.3,326590.5683232228,4688402.873447564,19,T,1.0,"$GPGGA,224634.000,4219.7140,N,07106.2813,W,1,09,1.0,70.3,M,-33.8,M,,0000*56
"
1727909195.2898898,243,1727991190,0,GPS1_Frame,42.32856833333334,71.10468833333333,70.3,326590.57290316594,4688403.058518129,19,T,1.0,"$GPGGA,224635.000,4219.7141,N,07106.2813,W,1,09,1.0,70.3,M,-33.8,M,,0000*56
"
1727909196.322861,244,1727991192,0,GPS1_Frame,42.32857166666666,71.10468999999999,70.3,326590.4447372515,4688403.432057664,19,T,1.0,"$GPGGA,224636.000,4219.7143,N,07106.2814,W,1,09,1.0,70.3,M,-33.8,M,,0000*50
"
1727909197.3205864,245,1727991194,0,GPS1_Frame,42.328575,71.10468999999999,70.2,326590.4538971461,4688403.802198794,19,T,1.0,"$GPGGA,224637.000,4219.7145,N,07106.2814,W,1,09,1.0,70.2,M,-33.8,M,,0000*56
"
1727909198.2894125,246,1727991196,0,GPS1_Frame,42.32857666666667,71.10468833333333,70.1,326590.5958028841,4688403.983870953,19,T,1.0,"$GPGGA,224638.000,4219.7146,N,07106.2813,W,1,09,1.0,70.1,M,-33.8,M,,0000*5E
"
1727909199.2890298,247,1727991198,0,GPS1_Frame,42.32857666666667,71.10468833333333,70.0,326590.5958028841,4688403.983870953,19,T,1.0,"$GPGGA,224639.000,4219.7146,N,07106.2813,W,1,09,1.0,70.0,M,-33.8,M,,0000*5E
"
1727909200.2926972,248,1727991200,0,GPS1_Frame,42.32857833333334,71.10468833333333,70.0,326590.60038282804,4688404.168941519,19,T,1.0,"$GPGGA,224640.000,4219.7147,N,07106.2813,W,1,09,1.0,70.0,M,-33.8,M,,0000*51
"
1727909201.3180401,249,1727991202,0,GPS1_Frame,42.328579999999995,71.10468666666667,69.9,326590.74228855537,4688404.350613681,19,T,1.0,"$GPGGA,224641.000,4219.7148,N,07106.2812,W,1,09,1.0,69.9,M,-33.8,M,,0000*5F
"
1727909202.2879963,250,1727991204,0,GPS1_Frame,42.328579999999995,71.104685,69.9,326590.8796143405,4688404.347215282,19,T,1.3,"$GPGGA,224642.000,4219.7148,N,07106.2811,W,1,08,1.3,69.9,M,-33.8,M,,0000*5D
"
1727909203.284885,251,1727991206,0,GPS1_Frame,42.328581666666665,71.104685,69.8,326590.8841942776,4688404.532285846,19,T,1.3,"$GPGGA,224643.000,4219.7149,N,07106.2811,W,1,08,1.3,69.8,M,-33.8,M,,0000*5C
"
1727909204.293039,252,1727991208,0,GPS1_Frame,42.328581666666665,71.104685,69.8,326590.8841942776,4688404.532285846,19,T,1.3,"$GPGGA,224644.000,4219.7149,N,07106.2811,W,1,08,1.3,69.8,M,-33.8,M,,0000*5B
"
1727909205.2859263,253,1727991210,0,GPS1_Frame,42.328581666666665,71.104685,69.8,326590.8841942776,4688404.532285846,19,T,1.1,"$GPGGA,224645.000,4219.7149,N,07106.2811,W,1,08,1.1,69.8,M,-33.8,M,,0000*58
"
1727909206.2834275,254,1727991212,0,GPS1_Frame,42.328581666666665,71.104685,69.8,326590.8841942776,4688404.532285846,19,T,1.1,"$GPGGA,224646.000,4219.7149,N,07106.2811,W,1,08,1.1,69.8,M,-33.8,M,,0000*5B
"
1727909207.284347,255,1727991214,0,GPS1_Frame,42.328581666666665,71.104685,69.8,326590.8841942776,4688404.532285846,19,T,1.1,"$GPGGA,224647.000,4219.7149,N,07106.2811,W,1,08,1.1,69.8,M,-33.8,M,,0000*5A
"
1727909208.28298,256,1727991216,0,GPS1_Frame,42.328581666666665,71.104685,69.8,326590.8841942776,4688404.532285846,19,T,1.1,"$GPGGA,224648.000,4219.7149,N,07106.2811,W,1,08,1.1,69.8,M,-33.8,M,,0000*55
"
1727909209.2845566,257,1727991218,0,GPS1_Frame,42.328581666666665,71.104685,69.8,326590.8841942776,4688404.532285846,19,T,1.1,"$GPGGA,224649.000,4219.7149,N,07106.2811,W,1,08,1.1,69.8,M,-33.8,M,,0000*54
"
1727909210.2824318,258,1727991220,0,GPS1_Frame,42.328581666666665,71.104685,69.8,326590.8841942776,4688404.532285846,19,T,1.1,"$GPGGA,224650.000,4219.7149,N,07106.2811,W,1,08,1.1,69.8,M,-33.8,M,,0000*5C
"
1727909211.2827742,259,1727991222,0,GPS1_Frame,42.328581666666665,71.104685,69.8,326590.8841942776,4688404.532285846,19,T,1.1,"$GPGGA,224651.000,4219.7149,N,07106.2811,W,1,08,1.1,69.8,M,-33.8,M,,0000*5D
"
1727909212.2815254,260,1727991224,0,GPS1_Frame,42.328581666666665,71.104685,69.8,326590.8841942776,4688404.532285846,19,T,1.1,"$GPGGA,224652.000,4219.7149,N,07106.2811,W,1,08,1.1,69.8,M,-33.8,M,,0000*5E
"
1727909213.3138585,261,1727991226,0,GPS1_Frame,42.328581666666665,71.104685,69.8,326590.8841942776,4688404.532285846,19,T,1.1,"$GPGGA,224653.000,4219.7149,N,07106.2811,W,1,08,1.1,69.8,M,-33.8,M,,0000*5F
"
1727909214.2871857,262,1727991228,0,GPS1_Frame,42.328581666666665,71.104685,69.8,326590.8841942776,4688404.532285846,19,T,1.0,"$GPGGA,224654.000,4219.7149,N,07106.2811,W,1,09,1.0,69.8,M,-33.8,M,,0000*58
"
1727909215.2869956,263,1727991230,0,GPS1_Frame,42.328581666666665,71.104685,69.8,326590.8841942776,4688404.532285846,19,T,1.0,"$GPGGA,224655.000,4219.7149,N,07106.2811,W,1,09,1.0,69.8,M,-33.8,M,,0000*59
"
1727909216.2871604,264,1727991232,0,GPS1_Frame,42.328581666666665,71.104685,69.8,326590.8841942776,4688404.532285846,19,T,1.0,"$GPGGA,224656.000,4219.7149,N,07106.2811,W,1,09,1.0,69.8,M,-33.8,M,,0000*5A
"
1727909217.2860193,265,1727991234,0,GPS1_Frame,42.328581666666665,71.104685,69.8,326590.8841942776,4688404.532285846,19,T,1.0,"$GPGGA,224657.000,4219.7149,N,07106.2811,W,1,09,1.0,69.8,M,-33.8,M,,0000*5B
"
1727909218.2831047,266,1727991236,0,GPS1_Frame,42.328581666666665,71.10468666666667,69.8,326590.74686849606,4688404.535684245,19,T,1.1,"$GPGGA,224658.000,4219.7149,N,07106.2812,W,1,08,1.1,69.8,M,-33.8,M,,0000*57
"
1727909219.288425,267,1727991238,0,GPS1_Frame,42.328581666666665,71.10468833333333,69.9,326590.60954271664,4688404.539082647,19,T,1.1,"$GPGGA,224659.000,4219.7149,N,07106.2813,W,1,08,1.1,69.9,M,-33.8,M,,0000*56
"
1727909220.2860012,268,1727991240,0,GPS1_Frame,42.328581666666665,71.10468999999999,70.0,326590.4722169371,4688404.542481052,19,T,1.1,"$GPGGA,224700.000,4219.7149,N,07106.2814,W,1,08,1.1,70.0,M,-33.8,M,,0000*5D
"
1727909221.2821813,269,1727991242,0,GPS1_Frame,42.328581666666665,71.10469166666667,70.0,326590.33489115554,4688404.54587946,19,T,1.1,"$GPGGA,224701.000,4219.7149,N,07106.2815,W,1,08,1.1,70.0,M,-33.8,M,,0000*5D
"
1727909222.2897186,270,1727991244,0,GPS1_Frame,42.328579999999995,71.10468999999999,70.1,326590.46763698914,4688404.357410488,19,T,1.0,"$GPGGA,224702.000,4219.7148,N,07106.2814,W,1,09,1.0,70.1,M,-33.8,M,,0000*5F
"
1727909223.2878866,271,1727991246,0,GPS1_Frame,42.328579999999995,71.10468833333333,70.1,326590.6049627722,4688404.354012083,19,T,1.0,"$GPGGA,224703.000,4219.7148,N,07106.2813,W,1,09,1.0,70.1,M,-33.8,M,,0000*59
"
1727909224.2838814,272,1727991248,0,GPS1_Frame,42.328581666666665,71.10468833333333,70.1,326590.60954271664,4688404.539082647,19,T,1.1,"$GPGGA,224704.000,4219.7149,N,07106.2813,W,1,08,1.1,70.1,M,-33.8,M,,0000*5F
"
1727909225.2781923,273,1727991250,0,GPS1_Frame,42.328581666666665,71.10468999999999,70.1,326590.4722169371,4688404.542481052,19,T,1.2,"$GPGGA,224705.000,4219.7149,N,07106.2814,W,1,07,1.2,70.1,M,-33.8,M,,0000*55
"
1727909226.2801733,274,1727991252,0,GPS1_Frame,42.328581666666665,71.10469166666667,70.1,326590.33489115554,4688404.54587946,19,T,1.2,"$GPGGA,224706.000,4219.7149,N,07106.2815,W,1,07,1.2,70.1,M,-33.8,M,,0000*57
"
1727909227.3093653,275,1727991254,0,GPS1_Frame,42.328583333333334,71.10469333333334,70.0,326590.2021453293,4688404.734348436,19,T,1.2,"$GPGGA,224707.000,4219.7150,N,07106.2816,W,1,07,1.2,70.0,M,-33.8,M,,0000*5C
"
1727909228.2789717,276,1727991256,0,GPS1_Frame,42.328581666666665,71.10469499999999,70.0,326590.0602395965,4688404.552676282,19,T,1.2,"$GPGGA,224708.000,4219.7149,N,07106.2817,W,1,07,1.2,70.0,M,-33.8,M,,0000*5A
"
1727909229.3106327,277,1727991258,0,GPS1_Frame,42.328581666666665,71.10469499999999,70.0,326590.0602395965,4688404.552676282,19,T,1.1,"$GPGGA,224709.000,4219.7149,N,07106.2817,W,1,08,1.1,70.0,M,-33.8,M,,0000*57
"
1727909230.281827,278,1727991260,0,GPS1_Frame,42.328581666666665,71.10469499999999,70.0,326590.0602395965,4688404.552676282,19,T,1.1,"$GPGGA,224710.000,4219.7149,N,07106.2817,W,1,08,1.1,70.0,M,-33.8,M,,0000*5F
"
1727909231.2834942,279,1727991262,0,GPS1_Frame,42.328581666666665,71.10469499999999,70.0,326590.0602395965,4688404.552676282,19,T,1.1,"$GPGGA,224711.000,4219.7149,N,07106.2817,W,1,08,1.1,70.0,M,-33.8,M,,0000*5E
"
1727909232.2846658,280,1727991264,0,GPS1_Frame,42.328581666666665,71.10469499999999,70.0,326590.0602395965,4688404.552676282,19,T,1.1,"$GPGGA,224712.000,4219.7149,N,07106.2817,W,1,08,1.1,70.0,M,-33.8,M,,0000*5D
"
1727909233.2931325,281,1727991266,0,GPS1_Frame,42.328581666666665,71.10469499999999,70.0,326590.0602395965,4688404.552676282,19,T,1.0,"$GPGGA,224713.000,4219.7149,N,07106.2817,W,1,09,1.0,70.0,M,-33.8,M,,0000*5C
"
1727909234.321874,282,1727991268,0,GPS1_Frame,42.328581666666665,71.10469499999999,70.0,326590.0602395965,4688404.552676282,19,T,1.0,"$GPGGA,224714.000,4219.7149,N,07106.2817,W,1,09,1.0,70.0,M,-33.8,M,,0000*5B
"
1727909235.287719,283,1727991270,0,GPS1_Frame,42.328581666666665,71.10469499999999,70.0,326590.0602395965,4688404.552676282,19,T,1.0,"$GPGGA,224715.000,4219.7149,N,07106.2817,W,1,09,1.0,70.0,M,-33.8,M,,0000*5A
"
1727909236.2885714,284,1727991272,0,GPS1_Frame,42.328581666666665,71.10469499999999,70.0,326590.0602395965,4688404.552676282,19,T,1.0,"$GPGGA,224716.000,4219.7149,N,07106.2817,W,1,09,1.0,70.0,M,-33.8,M,,0000*59
"
1727909237.2879276,285,1727991274,0,GPS1_Frame,42.328581666666665,71.10469499999999,70.0,326590.0602395965,4688404.552676282,19,T,1.0,"$GPGGA,224717.000,4219.7149,N,07106.2817,W,1,09,1.0,70.0,M,-33.8,M,,0000*58
"
1727909238.2846317,286,1727991276,0,GPS1_Frame,42.328581666666665,71.10469499999999,70.0,326590.0602395965,4688404.552676282,19,T,1.1,"$GPGGA,224718.000,4219.7149,N,07106.2817,W,1,08,1.1,70.0,M,-33.8,M,,0000*57
"
1727909239.2893848,287,1727991278,0,GPS1_Frame,42.328581666666665,71.10469499999999,70.0,326590.0602395965,4688404.552676282,19,T,1.0,"$GPGGA,224719.000,4219.7149,N,07106.2817,W,1,09,1.0,70.0,M,-33.8,M,,0000*56
"
1727909240.2894669,288,1727991280,0,GPS1_Frame,42.328581666666665,71.10469499999999,70.0,326590.0602395965,4688404.552676282,19,T,1.0,"$GPGGA,224720.000,4219.7149,N,07106.2817,W,1,09,1.0,70.0,M,-33.8,M,,0000*5C
"
1727909241.2883897,289,1727991282,0,GPS1_Frame,42.328581666666665,71.10469499999999,70.0,326590.0602395965,4688404.552676282,19,T,1.0,"$GPGGA,224721.000,4219.7149,N,07106.2817,W,1,09,1.0,70.0,M,-33.8,M,,0000*5D
"
1727909242.3201432,290,1727991284,0,GPS1_Frame,42.328581666666665,71.10469499999999,70.0,326590.0602395965,4688404.552676282,19,T,1.0,"$GPGGA,224722.000,4219.7149,N,07106.2817,W,1,09,1.0,70.0,M,-33.8,M,,0000*5E
"
1727909243.2870512,291,1727991286,0,GPS1_Frame,42.328581666666665,71.10469499999999,70.0,326590.0602395965,4688404.552676282,19,T,1.1,"$GPGGA,224723.000,4219.7149,N,07106.2817,W,1,08,1.1,70.0,M,-33.8,M,,0000*5F
"
1727909244.283621,292,1727991288,0,GPS1_Frame,42.328581666666665,71.10469499999999,70.0,326590.0602395965,4688404.552676282,19,T,1.3,"$GPGGA,224724.000,4219.7149,N,07106.2817,W,1,07,1.3,70.0,M,-33.8,M,,0000*55
"
1727909245.2987096,293,1727991290,0,GPS1_Frame,42.328581666666665,71.10469499999999,70.0,326590.0602395965,4688404.552676282,19,T,1.3,"$GPGGA,224725.000,4219.7149,N,07106.2817,W,1,07,1.3,70.0,M,-33.8,M,,0000*54
"
1727909246.3093717,294,1727991292,0,GPS1_Frame,42.328581666666665,71.10469499999999,70.0,326590.0602395965,4688404.552676282,19,T,2.5,"$GPGGA,224726.000,4219.7149,N,07106.2817,W,1,06,2.5,70.0,M,-33.8,M,,0000*53
"
1727909247.2861052,295,1727991294,0,GPS1_Frame,42.328581666666665,71.10469499999999,70.0,326590.0602395965,4688404.552676282,19,T,1.3,"$GPGGA,224727.000,4219.7149,N,07106.2817,W,1,07,1.3,70.0,M,-33.8,M,,0000*56
"
1727909248.3171813,296,1727991296,0,GPS1_Frame,42.328581666666665,71.10469499999999,70.0,326590.0602395965,4688404.552676282,19,T,1.1,"$GPGGA,224728.000,4219.7149,N,07106.2817,W,1,08,1.1,70.0,M,-33.8,M,,0000*54
"
1727909249.2868283,297,1727991298,0,GPS1_Frame,42.328581666666665,71.10469499999999,70.0,326590.0602395965,4688404.552676282,19,T,1.1,"$GPGGA,224729.000,4219.7149,N,07106.2817,W,1,08,1.1,70.0,M,-33.8,M,,0000*55
"
1727909250.2865918,298,1727991300,0,GPS1_Frame,42.328581666666665,71.10469499999999,70.0,326590.0602395965,4688404.552676282,19,T,1.1,"$GPGGA,224730.000,4219.7149,N,07106.2817,W,1,08,1.1,70.0,M,-33.8,M,,0000*5D
"
1727909251.3184972,299,1727991302,0,GPS1_Frame,42.328581666666665,71.10469499999999,70.0,326590.0602395965,4688404.552676282,19,T,1.1,"$GPGGA,224731.000,4219.7149,N,07106.2817,W,1,08,1.1,70.0,M,-33.8,M,,0000*5C
"
1727909252.287264,300,1727991304,0,GPS1_Frame,42.328581666666665,71.10469499999999,70.0,326590.0602395965,4688404.552676282,19,T,1.1,"$GPGGA,224732.000,4219.7149,N,07106.2817,W,1,08,1.1,70.0,M,-33.8,M,,0000*5F
"
